,id,name,brand,category_id,carbs_100g,calories_100g,saturated_fats_100g,fibre_100g,protein_100g,sugar_100g,fats_100g,salt_100g
0,321358,Hummus Commercial,USDA FoodData,9,14.9,243.0,2.22,5.4,7.35,0.0,17.1,0.0
1,321359,Milk Reduced Fat,USDA FoodData,6,4.91,0.0,1.11,0.0,3.35,0.0,1.9,0.0
2,321360,Tomatoes Grape Raw,USDA FoodData,8,5.51,31.0,0.0,2.1,0.83,0.0,0.63,0.0
3,321611,Beans Snap Green,USDA FoodData,8,4.11,24.0,0.0,0.0,1.04,0.0,0.39,0.0
4,321900,Broccoli Raw,USDA FoodData,8,6.29,0.0,0.039,2.4,2.57,0.0,0.34,0.0
5,322228,Milk Lowfat,USDA FoodData,6,5.19,0.0,0.568,0.0,3.38,0.0,0.95,0.0
6,322559,Milk Nonfat Free,USDA FoodData,6,4.89,0.0,0.049,0.0,3.43,0.0,0.08,0.0
7,322892,Milk Whole 3.25%,USDA FoodData,6,4.67,0.0,1.86,0.0,3.28,0.0,3.2,0.0
8,323121,Frankfurter Beef Unheated,USDA FoodData,4,2.89,310.0,11.4,0.0,11.7,0.0,28.0,0.0
9,323294,Nuts Almonds Dry,USDA FoodData,10,16.2,667.0,4.56,11.0,20.4,0.0,57.8,0.0
10,323444,Cheese Ricotta Whole,USDA FoodData,6,6.86,0.0,6.97,0.0,7.81,0.0,11.0,0.0
11,323505,Kale Raw,USDA FoodData,8,4.42,43.0,0.0,4.1,2.92,0.0,1.49,0.0
12,323604,Egg Whole Raw,USDA FoodData,6,0.91,146.0,0.0,0.0,12.3,0.0,10.3,0.0
13,323697,Egg White Raw,USDA FoodData,6,0.74,45.0,0.0,0.0,10.1,0.0,0.16,0.0
14,323793,Egg White Dried,USDA FoodData,6,6.02,350.0,0.0,0.0,79.9,0.0,0.65,0.0
15,324038,Sauce Salsa Ready-to-serve,USDA FoodData,18,6.74,0.0,0.0,1.8,1.44,0.0,0.19,0.0
16,324157,Sausage Breakfast Sausage,USDA FoodData,4,3.37,325.0,11.3,0.0,13.3,0.0,28.7,0.0
17,324317,Onion Rings Breaded,USDA FoodData,8,36.3,293.0,2.15,2.4,4.52,0.0,14.4,0.0
18,324653,Pickles Cucumber Dill,USDA FoodData,8,1.99,14.0,0.0,1.0,0.48,0.0,0.43,0.0
19,324860,Peanut Butter Smooth,USDA FoodData,9,22.3,639.0,10.1,4.8,22.5,0.0,51.1,0.0
20,325036,Cheese Parmesan Grated,USDA FoodData,6,12.4,420.0,15.5,0.0,29.6,0.0,28.0,0.0
21,325198,Cheese Pasteurized Process,USDA FoodData,6,5.27,368.0,18.1,0.0,18.0,0.0,30.6,0.0
22,325287,Grapefruit Juice White,USDA FoodData,19,7.59,39.0,0.0,0.2,0.55,0.0,0.7,0.0
23,325430,Peaches Yellow Raw,USDA FoodData,19,10.1,46.0,0.0,1.5,0.91,0.0,0.27,0.0
24,325524,Seeds Sunflower Seed,USDA FoodData,10,17.1,657.0,5.36,10.3,21.0,0.0,56.1,0.0
25,325658,Sausage Italian Pork,USDA FoodData,4,2.15,0.0,9.15,0.0,18.2,0.0,26.2,0.0
26,325871,Bread White Commercially,USDA FoodData,11,49.2,267.0,0.821,2.3,9.43,0.0,3.59,0.0
27,325992,Sausage Turkey Breakfast,USDA FoodData,4,0.93,0.0,2.53,0.0,16.7,0.0,10.4,0.0
28,326135,Cheese Swiss,USDA FoodData,6,1.44,0.0,18.2,0.0,27.0,0.0,31.0,0.0
29,326196,Kale Frozen Cooked,USDA FoodData,8,5.3,44.0,0.0,0.0,2.94,0.0,1.21,0.0
30,326458,Carrots Frozen Unprepared,USDA FoodData,8,7.92,0.0,0.0,3.2,0.81,0.0,0.47,0.0
31,326698,Mustard Yellow,USDA FoodData,18,5.3,69.0,0.252,4.3,4.25,0.0,3.38,0.0
32,326905,Figs Dried Uncooked,USDA FoodData,19,63.9,0.0,0.0,9.8,3.3,0.0,0.92,0.0
33,327046,Kiwifruit Green Raw,USDA FoodData,19,14.0,64.0,0.0,3.0,1.06,0.0,0.44,0.0
34,327198,Melons Cantaloupe Raw,USDA FoodData,19,8.16,0.0,0.0,0.8,0.82,0.0,0.18,0.0
35,327357,Nectarines Raw,USDA FoodData,19,9.18,43.0,0.0,1.5,1.06,0.0,0.28,0.0
36,327501,Oranges Raw Navels,USDA FoodData,19,11.8,0.0,0.0,2.0,0.91,0.0,0.15,0.0
37,327699,Strawberries Raw,USDA FoodData,19,7.63,0.0,0.0,1.8,0.64,0.0,0.22,0.0
38,327923,Lettuce Cos Romaine,USDA FoodData,8,3.24,0.0,0.0,1.8,1.24,0.0,0.26,0.0
39,328637,Cheese Cheddar,USDA FoodData,6,2.44,409.0,19.2,0.0,23.3,0.0,34.0,0.0
40,328841,Cheese Cottage Lowfat,USDA FoodData,6,4.31,82.0,1.26,0.0,11.0,0.0,2.3,0.0
41,329370,Cheese Mozzarella Low,USDA FoodData,6,4.44,296.0,11.7,0.0,23.7,0.0,20.4,0.0
42,329490,Egg Whole Dried,USDA FoodData,6,1.87,558.0,0.0,0.0,48.1,0.0,39.8,0.0
43,329596,Egg Yolk Raw,USDA FoodData,6,0.59,291.0,0.0,0.0,15.6,0.0,25.1,0.0
44,329716,Egg Yolk Dried,USDA FoodData,6,1.07,641.0,0.0,0.0,34.2,0.0,55.5,0.0
45,329830,Cheese Dry White,USDA FoodData,6,2.07,0.0,13.7,0.0,24.5,0.0,24.3,0.0
46,330137,Yogurt Greek Plain,USDA FoodData,6,3.64,59.0,0.108,0.0,10.3,0.0,0.37,0.0
47,330415,Yogurt Greek Strawberry,USDA FoodData,6,12.2,82.0,0.103,0.6,8.06,0.0,0.15,0.0
48,330458,Oil Coconut,USDA FoodData,3,0.84,895.0,82.5,0.0,0.0,0.0,99.1,0.0
49,330869,Turkey Ground 93%,USDA FoodData,4,0.0,0.0,2.97,0.0,27.1,0.0,11.6,0.0
50,331897,Chicken Drumstick Meat,USDA FoodData,4,0.0,149.0,1.6,0.0,23.9,0.0,5.95,0.0
51,331960,Chicken Breast Skinless,USDA FoodData,4,0.0,158.0,1.01,0.0,32.1,0.0,3.24,0.0
52,332282,Sauce Pasta Spaghetti/marinara,USDA FoodData,18,8.05,51.0,0.17,1.8,1.41,0.0,1.48,0.0
53,332397,Ham Sliced Pre-packaged,USDA FoodData,4,0.27,101.0,1.12,0.0,16.7,0.0,3.73,0.0
54,332597,Pears Raw Bartlett,USDA FoodData,19,15.1,0.0,0.0,3.1,0.38,0.0,0.16,0.0
55,332791,Olives Green Manzanilla,USDA FoodData,19,4.96,141.0,2.3,4.0,1.15,0.0,12.9,0.0
56,332864,Sausage Pork Chorizo,USDA FoodData,4,2.63,0.0,9.45,0.0,19.3,0.0,28.1,0.0
57,333008,Cookies Oatmeal Soft,USDA FoodData,11,69.6,430.0,4.78,3.3,5.79,0.0,14.3,0.0
58,333281,Tomatoes Canned Red,USDA FoodData,8,3.32,21.0,0.0,0.0,0.84,0.0,0.5,0.0
59,333374,Fish Haddock Raw,USDA FoodData,5,0.0,69.0,0.093,0.0,16.3,0.0,0.45,0.0
60,333476,Fish Pollock Raw,USDA FoodData,5,0.0,53.0,0.128,0.0,12.3,0.0,0.41,0.0
61,334194,Fish Tuna Light,USDA FoodData,5,0.08,85.0,0.224,0.0,19.0,0.0,0.94,0.0
62,334247,Sugars Granulated,USDA FoodData,13,99.6,0.0,0.0,0.0,0.0,0.0,0.32,0.0
63,334462,Restaurant Chinese Sweet Sour Pork,USDA FoodData,19,25.5,0.0,2.68,1.0,8.88,0.0,13.6,0.0
64,334536,Restaurant Chinese Fried Rice Meat,USDA FoodData,19,32.5,174.0,0.493,0.0,3.84,0.0,3.19,0.0
65,334628,Restaurant Latino Tamale Pork,USDA FoodData,19,15.8,174.0,2.69,2.4,7.38,0.0,9.04,0.0
66,334720,Restaurant Latino Pupusas Con Frijoles,USDA FoodData,19,31.5,229.0,2.19,5.8,5.59,0.0,9.01,0.0
67,334849,Beef Loin Top,USDA FoodData,4,0.0,0.0,2.56,0.0,22.8,0.0,6.39,0.0
68,334897,Beef Loin Tenderloin,USDA FoodData,4,0.0,0.0,2.47,0.0,27.7,0.0,6.36,0.0
69,334898,Beef Round Eye,USDA FoodData,4,0.0,0.0,0.953,0.0,23.4,0.0,2.48,0.0
70,334963,Beef Round Top,USDA FoodData,4,0.0,0.0,0.924,0.0,23.7,0.0,2.41,0.0
71,335061,Beef Short Loin,USDA FoodData,4,0.0,0.0,4.68,0.0,27.3,0.0,11.4,0.0
72,335109,Beef Short Loin,USDA FoodData,4,0.0,0.0,2.07,0.0,22.7,0.0,5.32,0.0
73,335240,Bread Whole-wheat Commercially,USDA FoodData,11,43.1,254.0,0.732,6.0,12.3,0.0,3.55,0.0
74,335245,Beans Dry Dark,USDA FoodData,9,0.0,0.0,0.0,4.3,25.9,0.0,1.31,0.0
75,335306,Beans Dry Pink,USDA FoodData,9,0.0,0.0,0.0,4.1,23.4,0.0,1.2,0.0
76,335419,Beans Dry Navy,USDA FoodData,9,0.0,0.0,0.0,4.3,24.1,0.0,1.51,0.0
77,335422,Beans Dry Light,USDA FoodData,9,0.0,0.0,0.0,4.5,25.0,0.0,1.03,0.0
78,335425,Beans Dry Brown,USDA FoodData,9,0.0,0.0,0.0,4.1,25.6,0.0,1.12,0.0
79,335428,Beans Dry Flor,USDA FoodData,9,0.0,0.0,0.0,4.0,23.3,0.0,0.86,0.0
80,335433,Beans Dry Carioca,USDA FoodData,9,0.0,0.0,0.0,4.5,25.2,0.0,1.44,0.0
81,335442,Beans Dry Tan,USDA FoodData,9,0.0,0.0,0.0,4.4,26.8,0.0,1.14,0.0
82,335695,Beans Dry Pinto,USDA FoodData,9,0.0,0.0,0.0,4.1,23.7,0.0,1.24,0.0
83,335774,Beans Dry Small,USDA FoodData,9,0.0,0.0,0.0,4.1,23.5,0.0,1.28,0.0
84,335777,Beans Dry Medium,USDA FoodData,9,0.0,0.0,0.0,4.3,25.5,0.0,1.04,0.0
85,335782,Beans Dry Cranberry,USDA FoodData,9,0.0,0.0,0.0,4.3,24.4,0.0,1.23,0.0
86,335785,Beans Dry Light,USDA FoodData,9,0.0,0.0,0.0,4.3,24.6,0.0,1.28,0.0
87,335912,Beans Dry Black,USDA FoodData,9,0.0,0.0,0.0,4.2,24.4,0.0,1.45,0.0
88,335927,Beans Dry Small,USDA FoodData,9,0.0,0.0,0.0,4.3,24.5,0.0,1.32,0.0
89,335930,Beans Dry Red,USDA FoodData,9,0.0,0.0,0.0,4.0,21.3,0.0,1.16,0.0
90,336067,Beans Dry Great,USDA FoodData,9,0.0,0.0,0.0,4.3,24.7,0.0,1.24,0.0
91,746758,Beef Loin Tenderloin,USDA FoodData,4,0.0,168.0,2.47,0.0,27.7,0.0,6.36,0.0
92,746759,Beef Loin Top,USDA FoodData,4,0.0,149.0,2.56,0.0,22.8,0.0,6.39,0.0
93,746760,Beef Round Eye,USDA FoodData,4,0.0,116.0,0.953,0.0,23.4,0.0,2.48,0.0
94,746761,Beef Round Top,USDA FoodData,4,0.0,116.0,0.924,0.0,23.7,0.0,2.41,0.0
95,746762,Beef Short Loin,USDA FoodData,4,0.0,139.0,2.07,0.0,22.7,0.0,5.32,0.0
96,746763,Beef Short Loin,USDA FoodData,4,0.0,212.0,4.68,0.0,27.3,0.0,11.4,0.0
97,746764,Carrots Frozen Unprepared,USDA FoodData,8,7.92,39.0,0.0,3.2,0.81,0.0,0.47,0.0
98,746765,Cheese Dry White,USDA FoodData,6,2.07,325.0,13.7,0.0,24.5,0.0,24.3,0.0
99,746766,Cheese Ricotta Whole,USDA FoodData,6,6.86,158.0,6.97,0.0,7.81,0.0,11.0,0.0
100,746767,Cheese Swiss,USDA FoodData,6,1.44,393.0,18.2,0.0,27.0,0.0,31.0,0.0
101,746768,Figs Dried Uncooked,USDA FoodData,19,63.9,277.0,0.0,9.8,3.3,0.0,0.92,0.0
102,746769,Lettuce Cos Romaine,USDA FoodData,8,3.24,20.0,0.0,1.8,1.24,0.0,0.26,0.0
103,746770,Melons Cantaloupe Raw,USDA FoodData,19,8.16,38.0,0.0,0.8,0.82,0.0,0.18,0.0
104,746771,Oranges Raw Navels,USDA FoodData,19,11.8,52.0,0.0,2.0,0.91,0.0,0.15,0.0
105,746772,Milk Lowfat,USDA FoodData,6,5.18,43.0,0.568,0.0,3.38,0.0,0.95,0.0
106,746773,Pears Raw Bartlett,USDA FoodData,19,15.1,63.0,0.0,3.1,0.38,0.0,0.16,0.0
107,746774,Restaurant Chinese Sweet Sour Pork,USDA FoodData,19,25.5,260.0,2.68,1.0,8.88,0.0,13.6,0.0
108,746775,Salt Table Iodized,USDA FoodData,18,0.0,0.0,0.0,0.0,0.0,0.0,0.0,0.0
109,746776,Milk Nonfat Free,USDA FoodData,6,4.92,34.0,0.049,0.0,3.43,0.0,0.08,0.0
110,746777,Sauce Salsa Ready-to-serve,USDA FoodData,18,6.74,34.0,0.0,1.8,1.44,0.0,0.19,0.0
111,746778,Milk Reduced Fat,USDA FoodData,6,4.9,50.0,1.11,0.0,3.36,0.0,1.9,0.0
112,746779,Sausage Breakfast Sausage,USDA FoodData,4,3.37,341.0,11.3,0.0,13.3,0.0,28.7,0.0
113,746780,Sausage Italian Pork,USDA FoodData,4,2.15,317.0,9.15,0.0,18.2,0.0,26.2,0.0
114,746781,Sausage Pork Chorizo,USDA FoodData,4,2.63,0.0,9.45,0.0,19.3,0.0,28.1,0.0
115,746782,Milk Whole 3.25%,USDA FoodData,6,4.63,61.0,1.86,0.0,3.27,0.0,3.2,0.0
116,746783,Sausage Turkey Breakfast,USDA FoodData,4,0.93,164.0,2.53,0.0,16.7,0.0,10.4,0.0
117,746784,Sugars Granulated,USDA FoodData,13,99.6,401.0,0.0,0.0,0.0,0.0,0.32,0.0
118,746785,Turkey Ground 93%,USDA FoodData,4,0.0,213.0,2.97,0.0,27.1,0.0,11.6,0.0
119,746952,Ham Sliced Restaurant,USDA FoodData,4,2.36,121.0,1.25,0.0,19.6,0.0,3.68,0.0
120,747429,Cheese American Restaurant,USDA FoodData,6,6.35,375.0,17.7,0.0,17.5,0.0,31.1,0.0
121,747430,Beans Dry Medium,USDA FoodData,9,0.0,0.0,0.0,4.3,25.5,0.0,1.04,0.0
122,747431,Beans Dry Red,USDA FoodData,9,0.0,0.0,0.0,4.0,21.3,0.0,1.16,0.0
123,747432,Beans Dry Flor,USDA FoodData,9,0.0,0.0,0.0,4.0,23.3,0.0,0.86,0.0
124,747433,Beans Dry Brown,USDA FoodData,9,0.0,0.0,0.0,4.1,25.6,0.0,1.12,0.0
125,747434,Beans Dry Tan,USDA FoodData,9,0.0,0.0,0.0,4.4,26.8,0.0,1.14,0.0
126,747435,Beans Dry Light,USDA FoodData,9,0.0,0.0,0.0,4.3,24.6,0.0,1.28,0.0
127,747436,Beans Dry Carioca,USDA FoodData,9,0.0,0.0,0.0,4.5,25.2,0.0,1.44,0.0
128,747437,Beans Dry Cranberry,USDA FoodData,9,0.0,0.0,0.0,4.3,24.4,0.0,1.23,0.0
129,747438,Beans Dry Light,USDA FoodData,9,0.0,0.0,0.0,4.5,25.0,0.0,1.03,0.0
130,747439,Beans Dry Pink,USDA FoodData,9,0.0,0.0,0.0,4.1,23.4,0.0,1.2,0.0
131,747440,Beans Dry Dark,USDA FoodData,9,0.0,0.0,0.0,4.3,25.9,0.0,1.31,0.0
132,747441,Beans Dry Navy,USDA FoodData,9,0.0,0.0,0.0,4.3,24.1,0.0,1.51,0.0
133,747442,Beans Dry Small,USDA FoodData,9,0.0,0.0,0.0,4.3,24.5,0.0,1.32,0.0
134,747443,Beans Dry Small,USDA FoodData,9,0.0,0.0,0.0,4.1,23.5,0.0,1.28,0.0
135,747444,Beans Dry Black,USDA FoodData,9,0.0,0.0,0.0,4.2,24.4,0.0,1.45,0.0
136,747445,Beans Dry Pinto,USDA FoodData,9,0.0,0.0,0.0,4.1,23.7,0.0,1.24,0.0
137,747446,Beans Dry Great,USDA FoodData,9,0.0,0.0,0.0,4.3,24.7,0.0,1.24,0.0
138,747447,Broccoli Raw,USDA FoodData,8,6.27,39.0,0.039,2.4,2.57,0.0,0.34,0.0
139,747448,Strawberries Raw,USDA FoodData,19,7.63,35.0,0.0,1.8,0.64,0.0,0.22,0.0
140,747693,Ketchup Restaurant,USDA FoodData,8,26.8,117.0,0.0,0.0,1.11,0.0,0.55,0.0
141,747997,Eggs Grade Large,USDA FoodData,6,2.36,52.0,0.0,0.0,10.7,0.0,0.0,0.0
142,748236,Eggs Grade Large,USDA FoodData,6,1.02,328.0,0.0,0.0,16.2,0.0,28.8,0.0
143,748278,Oil Canola,USDA FoodData,3,0.0,0.0,6.61,0.0,0.0,0.0,0.0,0.0
144,748323,Oil Corn,USDA FoodData,3,0.0,0.0,13.4,0.0,0.0,0.0,0.0,0.0
145,748366,Oil Soybean,USDA FoodData,3,0.0,0.0,14.9,0.0,0.0,0.0,0.0,0.0
146,748608,Oil Olive Extra,USDA FoodData,3,0.0,0.0,15.4,0.0,0.0,0.0,0.0,0.0
147,748967,Eggs Grade Large,USDA FoodData,6,0.96,143.0,3.2,0.0,12.4,0.0,9.96,0.0
148,749420,Pork Cured Bacon Cooked Restaurant,USDA FoodData,4,2.1,501.0,12.6,0.0,40.9,0.0,36.5,0.0
149,789828,Butter Stick Unsalted,USDA FoodData,6,0.0,0.0,0.0,0.0,0.0,0.0,81.5,0.0
150,789890,Flour Wheat All-purpose,USDA FoodData,2,77.3,366.0,0.0,0.0,10.9,0.0,1.48,0.0
151,789951,Flour Wheat All-purpose,USDA FoodData,2,73.2,359.0,0.0,0.0,13.1,0.0,1.48,0.0
152,790018,Flour Wheat All-purpose,USDA FoodData,2,74.6,362.0,0.0,3.0,12.0,0.0,1.7,0.0
153,790085,Flour Whole Wheat,USDA FoodData,2,71.2,370.0,0.0,10.6,15.1,0.0,2.73,0.0
154,790146,Flour Bread White,USDA FoodData,2,72.8,363.0,0.0,0.0,14.3,0.0,1.65,0.0
155,790214,Flour Rice White,USDA FoodData,2,79.8,359.0,0.0,0.5,6.94,0.0,1.3,0.0
156,790276,Flour Corn Yellow,USDA FoodData,2,80.8,364.0,0.0,4.3,6.2,0.0,1.74,0.0
157,790508,Butter Stick Salted,USDA FoodData,6,0.0,0.0,45.6,0.0,0.0,0.0,82.2,0.0
158,790577,Onions Red Raw,USDA FoodData,8,9.93,44.0,0.0,2.2,0.94,0.0,0.1,0.0
159,790646,Onions Yellow Raw,USDA FoodData,8,8.61,38.0,0.0,1.9,0.83,0.0,0.05,0.0
160,790774,Bananas Overripe Raw,USDA FoodData,19,20.1,0.0,0.0,1.7,0.73,0.0,0.22,0.0
161,790991,Bananas Ripe Slightly,USDA FoodData,19,23.0,0.0,0.0,1.7,0.74,0.0,0.29,0.0
162,1104647,Garlic Raw,USDA FoodData,8,28.2,143.0,0.0,2.7,6.62,0.0,0.38,0.0
163,1104705,Flour Soy Defatted,USDA FoodData,9,32.9,366.0,0.0,0.0,51.1,0.0,3.33,0.0
164,1104766,Flour Soy Full-fat,USDA FoodData,9,27.9,452.0,0.0,0.0,38.6,0.0,20.7,0.0
165,1104812,Flour Rice Brown,USDA FoodData,2,75.5,365.0,0.0,0.0,7.19,0.0,3.85,0.0
166,1104867,Flour Rice Glutinous,USDA FoodData,2,80.1,358.0,0.0,0.0,6.69,0.0,1.16,0.0
167,1104913,Flour Pastry Unenriched,USDA FoodData,2,77.2,359.0,0.0,0.0,8.75,0.0,1.64,0.0
168,1104962,Onions White Raw,USDA FoodData,8,7.68,36.0,0.0,1.2,0.89,0.0,0.13,0.0
169,1105073,Bananas Overripe Raw,USDA FoodData,19,20.1,85.0,0.0,1.7,0.73,0.0,0.22,0.0
170,1105314,Bananas Ripe Slightly,USDA FoodData,19,23.0,98.0,0.0,1.7,0.74,0.0,0.29,0.0
171,1105430,Apples Red Delicious,USDA FoodData,19,14.8,62.0,0.0,2.0,0.19,0.0,0.21,0.0
172,1105547,Apples Honeycrisp Skin,USDA FoodData,19,14.7,60.0,0.0,1.7,0.1,0.0,0.1,0.0
173,1105664,Apples Granny Smith,USDA FoodData,19,14.2,59.0,0.0,2.5,0.27,0.0,0.14,0.0
174,1105781,Apples Gala Skin,USDA FoodData,19,14.8,61.0,0.0,2.1,0.13,0.0,0.15,0.0
175,1105897,Apples Fuji Skin,USDA FoodData,19,15.7,65.0,0.0,2.1,0.15,0.0,0.16,0.0
176,1750337,Soy Milk Unsweetened,USDA FoodData,9,1.293125,38.485,0.3138,0.0,3.546875,0.0,2.125,0.0
177,1750338,Almond Milk Unsweetened,USDA FoodData,7,0.3371125,14.5562,0.1038,0.0,0.5546875,0.0,1.221,0.0
178,1750339,Apples Red Delicious,USDA FoodData,19,14.7817,61.7893,0.0,2.043,0.1875,12.22,0.2125,0.0
179,1750340,Apples Fuji Skin,USDA FoodData,19,15.6511625,64.6609,0.0,2.075,0.1484375,13.33,0.1625,0.0
180,1750341,Apples Gala Skin,USDA FoodData,19,14.7680875,60.9536,0.0,2.109,0.1328125,11.83,0.15,0.0
181,1750342,Apples Granny Smith,USDA FoodData,19,14.142975,58.8719,0.0,2.514,0.265625,10.65,0.1375,0.0
182,1750343,Apples Honeycrisp Skin,USDA FoodData,19,14.6819375,60.034,0.0,1.721,0.1015625,12.37,0.1,0.0
183,1750344,Mushroom Lion's Mane,USDA FoodData,8,7.5897,42.6655,0.0,0.0,2.5,0.0,0.2563,0.0
184,1750345,Mushroom Oyster,USDA FoodData,8,6.94125,41.0475,0.0,0.0,2.89875,0.0,0.1875,0.0
185,1750346,Mushrooms Shiitake,USDA FoodData,8,8.170625,44.095,0.0,0.0,2.414375,0.0,0.195,0.0
186,1750347,Mushrooms White Button,USDA FoodData,8,4.079375,31.2172,0.0,0.0,2.890625,0.0,0.3708,0.0
187,1750348,Oil Peanut,USDA FoodData,3,0.0,0.0,16.2,0.0,0.0,0.0,0.0,0.0
188,1750349,Oil Sunflower,USDA FoodData,3,0.0,0.0,8.991,0.0,0.0,0.0,0.0,0.0
189,1750350,Oil Safflower,USDA FoodData,3,0.0,0.0,7.651,0.0,0.0,0.0,0.0,0.0
190,1750351,Oil Olive Extra,USDA FoodData,3,0.0,0.0,15.82,0.0,0.0,0.0,0.0,0.0
191,1750352,Spinach Baby,USDA FoodData,8,2.406325,26.602,0.0,1.558,2.851875,0.0,0.6188,0.0
192,1750353,Spinach Mature,USDA FoodData,8,2.64135,27.63,0.0,1.588,2.90625,0.0,0.6044,0.0
193,1750354,Tomato Roma,USDA FoodData,8,3.837475,21.9574,0.0,0.9706,0.695625,0.0,0.425,0.0
194,1999626,Mushroom Lion's Mane,USDA FoodData,8,7.5897,42.6655,0.0,4.376,2.5,0.0,0.2563,0.0
195,1999627,Mushroom Oyster,USDA FoodData,8,6.94125,41.0475,0.0,2.85,2.89875,0.0,0.1875,0.0
196,1999628,Mushrooms Shiitake,USDA FoodData,8,8.170625,44.095,0.0,4.166,2.414375,0.0,0.195,0.0
197,1999629,Mushrooms White Button,USDA FoodData,8,4.079375,31.2172,0.0,1.717,2.890625,0.0,0.3708,0.0
198,1999630,Soy Milk Unsweetened,USDA FoodData,9,1.293125,38.485,0.3138,0.0,3.546875,0.0,2.125,0.0
199,1999631,Almond Milk Unsweetened,USDA FoodData,7,0.3371125,14.5562,0.1038,0.0,0.5546875,0.0,1.221,0.0
200,1999632,Spinach Baby,USDA FoodData,8,2.406325,26.602,0.0,1.558,2.851875,0.0,0.6188,0.0
201,1999633,Spinach Mature,USDA FoodData,8,2.64135,27.63,0.0,1.588,2.90625,0.0,0.6044,0.0
202,1999634,Tomato Roma,USDA FoodData,8,3.837475,21.9574,0.0,0.9706,0.695625,0.0,0.425,0.0
203,2003586,Flour,USDA FoodData,2,74.4462,357.0648,0.0,2.656,11.4,0.0,1.52,0.0
204,2003587,Flour Spelt Whole,USDA FoodData,2,70.723,363.679,0.0,9.339,14.475,0.0,2.543,0.0
205,2003588,Flour Semolina Coarse,USDA FoodData,2,73.82345,356.5918,0.0,3.216,11.73125,0.0,1.597,0.0
206,2003589,Flour Semolina Fine,USDA FoodData,2,71.98575,357.81,0.0,3.683,13.33125,0.0,1.838,0.0
207,2003590,Apple Juice From,USDA FoodData,19,11.3639625,48.3763,0.0,0.0,0.0859375,0.0,0.2863,0.0
208,2003591,Orange Juice Pulp,USDA FoodData,19,10.340625,47.225,0.0,0.0,0.734375,0.0,0.325,0.0
209,2003592,Grape Juice Purple,USDA FoodData,19,15.6227875,66.1099,0.0,0.0,0.2578125,0.0,0.2875,0.0
210,2003593,Grape Juice White,USDA FoodData,19,15.84375,66.135,0.0,0.0,0.09375,0.0,0.265,0.0
211,2003594,Cranberry Juice Fortified,USDA FoodData,19,7.26375,32.0925,0.0,0.0,0.0,0.0,0.3375,0.0
212,2003595,Grapefruit Juice Red,USDA FoodData,19,9.1021875,41.0921,0.0,0.0,0.5703125,0.0,0.2669,0.0
213,2003596,Tomato Juice Ingredients,USDA FoodData,8,4.320625,23.3075,0.0,0.0,0.859375,0.0,0.2875,0.0
214,2003597,Orange Juice Pulp,USDA FoodData,19,10.0124,46.5063,0.0,0.0,0.8125,0.0,0.3563,0.0
215,2003598,Mushroom Portabella,USDA FoodData,8,4.6583,32.4385,0.0,1.879,2.75,0.0,0.3117,0.0
216,2003599,Mushroom King Oyster,USDA FoodData,8,8.50065,46.3951,0.0,3.009,2.40625,0.0,0.3075,0.0
217,2003600,Mushroom Enoki,USDA FoodData,8,8.141425,44.4382,0.0,2.945,2.416875,0.0,0.245,0.0
218,2003601,Mushroom Crimini,USDA FoodData,8,4.01455,30.2035,0.0,1.781,3.09375,0.0,0.1967,0.0
219,2003602,Mushroom Maitake,USDA FoodData,8,6.604375,37.615,0.0,3.071,2.203125,0.0,0.265,0.0
220,2003603,Mushroom Beech,USDA FoodData,8,6.7593,39.8018,0.0,3.139,2.18,0.0,0.4494,0.0
221,2003604,Mushroom Pioppini,USDA FoodData,8,5.7637,39.2148,0.0,2.753,3.5,0.0,0.24,0.0
222,2257044,Soy Milk Sweetened,USDA FoodData,9,2.996125,40.705,0.0,0.0,2.776875,0.0,1.957,0.0
223,2257045,Almond Milk Unsweetened,USDA FoodData,7,0.67075,19.33,0.0,0.0,0.65625,0.0,1.558,0.0
224,2257046,Oat Milk Unsweetened,USDA FoodData,7,5.100325,48.3298,0.0,0.0,0.796875,0.0,2.749,0.0
225,2258586,Carrots Mature Raw,USDA FoodData,8,10.26755,47.9906,0.0,3.095,0.94125,0.0,0.3506,0.0
226,2258587,Carrots Baby Raw,USDA FoodData,8,9.0787,40.7723,0.0,2.694,0.805,0.0,0.1375,0.0
227,2258588,Peppers Bell Green,USDA FoodData,8,4.7781,22.9291,0.0,0.9419,0.715,0.0,0.1063,0.0
228,2258589,Peppers Bell Yellow,USDA FoodData,8,6.601725,30.7743,0.0,1.071,0.819375,0.0,0.1211,0.0
229,2258590,Peppers Bell Red,USDA FoodData,8,6.653175,31.3256,0.0,1.158,0.895625,0.0,0.1256,0.0
230,2258591,Peppers Bell Orange,USDA FoodData,8,6.703125,31.7404,0.0,0.9674,0.881875,0.0,0.1556,0.0
231,2259792,Buttermilk Low Fat,USDA FoodData,6,4.811522,42.835,0.5525,0.0,3.464978,0.0,1.081,0.0
232,2259793,Yogurt Plain Whole,USDA FoodData,6,5.574928,77.9524,2.316,0.0,3.824172,0.0,4.484,0.0
233,2259794,Yogurt Greek Plain,USDA FoodData,6,4.75402,93.6776,2.393,0.0,8.77888,0.0,4.394,0.0
234,2259795,Cheese Parmesan Grated,USDA FoodData,6,4.33188,403.384,17.17,0.0,30.13912,0.0,29.5,0.0
235,2259796,Cheese Feta Whole,USDA FoodData,6,5.58318,272.884,11.17,0.0,19.70782,0.0,19.08,0.0
236,2261420,Flour Almond,USDA FoodData,10,16.24925,622.042,0.0,9.266,26.24375,0.0,50.23,0.0
237,2261421,Flour Oat Whole,USDA FoodData,2,69.91725,389.125,0.0,10.5,13.16875,0.0,6.309,0.0
238,2261422,Flour Potato,USDA FoodData,8,79.9422,360.7805,0.0,5.401,8.1125,0.0,0.9513,0.0
239,2262072,Peanut Butter Creamy,USDA FoodData,9,22.70376,631.65,8.415,6.323,23.99124,0.0,49.43,0.0
240,2262073,Sesame Butter Creamy,USDA FoodData,10,14.179,697.1376,8.966,8.372,19.7054,0.0,62.4,0.0
241,2262074,Almond Butter Creamy,USDA FoodData,10,21.23666,645.456,4.253,9.718,20.78734,0.0,53.04,0.0
242,2262075,Flaxseed Ground,USDA FoodData,10,34.3551,545.084,3.281,23.13,18.0359,0.0,37.28,0.0
243,2263887,Strawberries Raw,USDA FoodData,19,7.964375,36.4,0.0,0.0,0.640625,0.0,0.22,0.0
244,2263888,Raspberries Raw,USDA FoodData,19,12.904375,57.3375,0.0,0.0,1.008125,0.0,0.1875,0.0
245,2263889,Blueberries Raw,USDA FoodData,19,14.571775,63.8563,0.0,0.0,0.703125,0.0,0.3063,0.0
246,2263890,Grapes Red Seedless,USDA FoodData,19,20.196825,85.919,0.0,0.0,0.914375,0.0,0.1638,0.0
247,2263891,Grapes Green Seedless,USDA FoodData,19,18.60375,80.1025,0.0,0.0,0.89875,0.0,0.2325,0.0
248,2263892,Applesauce Unsweetened,USDA FoodData,19,12.2615625,51.6025,0.0,0.0,0.2734375,0.0,0.1625,0.0
249,2346384,Cottage Cheese Full,USDA FoodData,6,4.59964,102.921,2.601,0.0,11.62436,0.0,4.225,0.0
250,2346385,Cream Cheese Full,USDA FoodData,6,4.55615,342.794,19.73,0.0,5.78985,0.0,33.49,0.0
251,2346386,Cream Heavy,USDA FoodData,6,3.799506,343.31,20.45,0.0,2.017994,0.0,35.56,0.0
252,2346387,Cream Sour Full,USDA FoodData,6,5.555506,196.4148,10.7,0.0,3.070694,0.0,17.99,0.0
253,2346388,Lettuce Iceberg Raw,USDA FoodData,8,3.36875,17.10875,0.0,0.0,0.7425,0.0,0.07375,0.0
254,2346389,Lettuce Romaine Green,USDA FoodData,8,4.055575,20.77105,0.0,0.0,0.976875,0.0,0.07125,0.0
255,2346390,Lettuce Leaf Red,USDA FoodData,8,3.260575,17.5315,0.0,0.0,0.883125,0.0,0.1063,0.0
256,2346391,Lettuce Leaf Green,USDA FoodData,8,4.06615,22.0463,0.0,0.0,1.09375,0.0,0.1563,0.0
257,2346392,Nuts Pine Nuts,USDA FoodData,10,18.5921,688.614,0.0,3.941,15.7039,0.0,61.27,0.0
258,2346393,Nuts Almonds Whole,USDA FoodData,10,20.03462,625.75,3.785,10.78,21.45038,0.0,51.09,0.0
259,2346394,Nuts Walnuts English,USDA FoodData,10,10.9096,729.556,6.054,5.21,14.5644,0.0,69.74,0.0
260,2346395,Nuts Pecans Halves,USDA FoodData,10,12.6993,750.152,6.465,5.793,9.9587,0.0,73.28,0.0
261,2346396,Oats Whole Grain,USDA FoodData,2,68.65755,381.626,0.0,0.0,13.49645,0.0,5.89,0.0
262,2346397,Oats Whole Grain,USDA FoodData,2,69.75082,381.248,0.0,0.0,12.51118,0.0,5.8,0.0
263,2346398,Pineapple Raw,USDA FoodData,19,14.0914625,60.1113,0.0,0.9346,0.4609375,0.0,0.2113,0.0
264,2346399,Cherries Sweet Dark,USDA FoodData,19,16.163125,70.5425,0.0,0.0,1.039375,0.0,0.1925,0.0
265,2346400,Beans Snap Green,USDA FoodData,8,7.41245,39.9998,0.0,3.011,1.96875,0.0,0.275,0.0
266,2346401,Potatoes Russet Skin,USDA FoodData,8,17.77125,83.42,0.0,0.0,2.27375,0.0,0.36,0.0
267,2346402,Potatoes Red Skin,USDA FoodData,8,16.27,75.5575,0.0,0.0,2.0625,0.0,0.2475,0.0
268,2346403,Potatoes Gold Skin,USDA FoodData,8,15.9624,73.4738,0.0,0.0,1.8125,0.0,0.2638,0.0
269,2346404,Sweet Potatoes Orange,USDA FoodData,8,17.327875,78.999,0.0,0.0,1.578125,0.0,0.375,0.0
270,2346405,Celery Raw,USDA FoodData,8,3.3165125,16.6973,0.0,0.0,0.4921875,0.0,0.1625,0.0
271,2346406,Cucumber Peel Raw,USDA FoodData,8,2.9525,15.9075,0.0,0.0,0.625,0.0,0.1775,0.0
272,2346407,Cabbage Green Raw,USDA FoodData,8,6.38375,31.4275,0.0,0.0,0.96125,0.0,0.2275,0.0
273,2346408,Cabbage Red Raw,USDA FoodData,8,6.7899,34.0538,0.0,0.0,1.2425,0.0,0.2138,0.0
274,2346409,Strawberries Raw,USDA FoodData,19,7.964375,36.4,0.0,0.0,0.640625,0.0,0.22,0.0
275,2346410,Raspberries Raw,USDA FoodData,19,12.904375,57.3375,0.0,0.0,1.008125,0.0,0.1875,0.0
276,2346411,Blueberries Raw,USDA FoodData,19,14.571775,63.8563,0.0,0.0,0.703125,0.0,0.3063,0.0
277,2346412,Grapes Red Seedless,USDA FoodData,19,20.196825,85.919,0.0,0.0,0.914375,0.0,0.1638,0.0
278,2346413,Grapes Green Seedless,USDA FoodData,19,18.60375,80.1025,0.0,0.0,0.89875,0.0,0.2325,0.0
279,2346414,Applesauce Unsweetened,USDA FoodData,19,12.2615625,51.6025,0.0,0.0,0.2734375,0.0,0.1625,0.0
280,2512371,Flour Amaranth,USDA FoodData,2,68.7787,384.076,0.0,7.209,13.2093,0.0,6.236,0.0
281,2512372,Flour Quinoa,USDA FoodData,2,69.52465,385.197,0.0,6.295,11.92235,0.0,6.601,0.0
282,2512373,Flour Sorghum,USDA FoodData,2,77.39123,374.93,0.0,6.019,8.27277,0.0,3.586,0.0
283,2512374,Flour Buckwheat,USDA FoodData,2,75.01808,357.968,0.0,10.35,8.88492,0.0,2.484,0.0
284,2512375,Flour Rye,USDA FoodData,2,77.1618,359.4,0.0,13.68,8.3952,0.0,1.908,0.0
285,2512376,Flour Barley,USDA FoodData,2,77.39832,366.53,0.0,12.79,8.72168,0.0,2.45,0.0
286,2512377,Flour Cassava,USDA FoodData,8,87.312975,357.369,0.0,4.834,0.918225,0.0,0.4938,0.0
287,2512378,Buckwheat Whole Grain,USDA FoodData,2,71.13066,356.135,0.0,4.046,11.06534,0.0,3.039,0.0
288,2512379,Millet Whole Grain,USDA FoodData,2,74.44623,375.618,0.0,2.619,10.02177,0.0,4.194,0.0
289,2512380,Rice Brown Long,USDA FoodData,2,76.68795,365.518,0.0,3.021,7.25305,0.0,3.306,0.0
290,2512381,Rice White Long,USDA FoodData,2,80.31315,358.705,0.0,0.1488,7.03885,0.0,1.033,0.0
291,2514743,Beef Ground 90%,USDA FoodData,4,0.0,184.8648,5.051,0.0,18.15625,0.0,12.85,0.0
292,2514744,Beef Ground 80%,USDA FoodData,4,0.0,242.61,6.845,0.0,17.53125,0.0,19.44,0.0
293,2514745,Pork Ground Raw,USDA FoodData,4,0.0,228.2728,6.283,0.0,17.80625,0.0,17.49,0.0
294,2514746,Chicken Ground Additives,USDA FoodData,4,0.0,133.0498,1.559,0.0,17.9125,0.0,7.161,0.0
295,2514747,Turkey Ground 93%,USDA FoodData,4,0.0,152.615,2.264,0.0,17.34375,0.0,9.591,0.0
296,2515373,Nuts Brazilnuts Raw,USDA FoodData,10,21.64216,663.586,0.0,5.984,15.03684,0.0,57.43,0.0
297,2515374,Nuts Cashew Nuts,USDA FoodData,10,36.2887,564.664,0.0,4.104,17.4423,0.0,38.86,0.0
298,2515375,Nuts Hazelnuts Filberts,USDA FoodData,10,26.5012,641.39,0.0,8.41,13.4938,0.0,53.49,0.0
299,2515376,Peanuts Raw,USDA FoodData,9,26.498,588.332,0.0,8.014,23.205,0.0,43.28,0.0
300,2515377,Flour Chestnut,USDA FoodData,10,80.45025,384.672,0.689,8.711,5.28675,0.0,4.636,0.0
301,2515378,Nuts Macadamia Nuts,USDA FoodData,10,24.0943,711.89,0.0,7.563,7.7857,0.0,64.93,0.0
302,2515379,Nuts Pistachio Nuts,USDA FoodData,10,27.6943,597.98,0.0,6.969,20.5057,0.0,45.02,0.0
303,2515380,Seeds Pumpkin Seeds,USDA FoodData,10,18.6751,554.602,0.0,5.079,29.9079,0.0,40.03,0.0
304,2515381,Seeds Sunflower Seed,USDA FoodData,10,24.5007,609.456,0.0,7.215,18.8733,0.0,48.44,0.0
305,2515382,Flour Coconut,USDA FoodData,10,58.9025,437.684,13.999,34.24,16.1385,0.0,15.28,0.0
306,2644281,Beans Cannellini Dry,USDA FoodData,9,59.7955,345.223,0.0,0.0,21.5625,0.0,2.199,0.0
307,2644282,Chickpeas Beans Bengal,USDA FoodData,9,60.358,382.998,0.0,0.0,21.275,0.0,6.274,0.0
308,2644283,Lentils Dry,USDA FoodData,9,62.17125,360.285,0.0,0.0,23.56875,0.0,1.925,0.0
309,2644284,Blackeye Pea Dry,USDA FoodData,9,61.836,354.015,0.0,0.0,21.225,0.0,2.419,0.0
310,2644285,Beans Black Canned,USDA FoodData,9,19.8135,118.361,0.0,0.0,6.9125,0.0,1.273,0.0
311,2644286,Beans Navy Canned,USDA FoodData,9,19.98325,118.79,0.0,0.0,6.56875,0.0,1.398,0.0
312,2644287,Beans Cannellini Canned,USDA FoodData,9,18.8185,115.445,0.0,0.0,7.4125,0.0,1.169,0.0
313,2644288,Chickpeas Beans Bengal,USDA FoodData,9,20.32025,137.22,0.0,0.0,7.01875,0.0,3.096,0.0
314,2644289,Beans Kidney Dark,USDA FoodData,9,21.03,126.624,0.0,0.0,7.8,0.0,1.256,0.0
315,2644290,Beans Kidney Light,USDA FoodData,9,21.44675,126.703,0.0,0.0,7.30625,0.0,1.299,0.0
316,2644291,Peas Green Sweet,USDA FoodData,8,12.707625,80.145,0.0,0.0,4.734375,0.0,1.153,0.0
317,2644292,Beans Pinto Canned,USDA FoodData,9,19.60025,116.57,0.0,0.0,6.69375,0.0,1.266,0.0
318,2644293,Blackeye Pea Canned,USDA FoodData,9,19.1659,116.0276,0.0,0.0,6.925,0.0,1.296,0.0
319,2644294,Beans Great Northern,USDA FoodData,9,19.32875,116.834,0.0,0.0,7.03125,0.0,1.266,0.0
320,2646168,Pork Loin Boneless,USDA FoodData,4,0.0,167.769,3.285,0.0,21.11875,0.0,9.469,0.0
321,2646169,Pork Loin Tenderloin,USDA FoodData,4,0.0,119.039,0.8663,0.0,21.58125,0.0,3.899,0.0
322,2646170,Chicken Breast Boneless,USDA FoodData,4,0.0,106.034,0.3488,0.0,22.525,0.0,1.934,0.0
323,2646171,Chicken Thigh Boneless,USDA FoodData,4,0.0,144.07,1.658,0.0,18.6125,0.0,7.916,0.0
324,2646172,Beef Ribeye Steak,USDA FoodData,4,0.0,254.11,7.966,0.0,18.74375,0.0,20.04,0.0
325,2646173,Beef Round Top,USDA FoodData,4,0.852,140.635,1.695,0.0,21.475,0.0,5.703,0.0
326,2646174,Beef Chuck Roast,USDA FoodData,4,0.0,231.7048,6.341,0.0,18.4,0.0,17.8,0.0
327,2646175,Beef Flank Steak,USDA FoodData,4,0.0,163.8998,3.551,0.0,20.13125,0.0,9.399,0.0
328,2647437,Yogurt Plain Nonfat,USDA FoodData,6,8.07675,50.0015,0.0,0.0,4.22675,0.0,0.0875,0.0
329,2647438,Cheese Monterey Jack,USDA FoodData,6,1.8979,391.73,19.16,0.0,22.6171,0.0,32.63,0.0
330,2647439,Cheese Pasteurized Process,USDA FoodData,6,8.1898,309.768,13.7,0.0,15.5672,0.0,23.86,0.0
331,2647440,Cheese Provolone Sliced,USDA FoodData,6,2.45312,356.794,16.24,0.0,23.45288,0.0,28.13,0.0
332,2647441,Cheese Oaxaca Solid,USDA FoodData,6,2.40202,297.088,12.71,0.0,22.14498,0.0,22.1,0.0
333,2647442,Cheese Queso Fresco,USDA FoodData,6,2.9572,297.608,13.95,0.0,18.8848,0.0,23.36,0.0
334,2647443,Cheese Cotija Solid,USDA FoodData,6,2.72432,351.4,15.89,0.0,23.83568,0.0,27.24,0.0
335,2684440,Fish Salmon Sockeye,USDA FoodData,5,0.0,129.984,0.722,0.0,22.3,0.0,4.936,0.0
336,2684441,Fish Salmon Atlantic,USDA FoodData,5,0.0,197.294,2.277,0.0,20.31875,0.0,13.11,0.0
337,2684442,Fish Tilapia Farm,USDA FoodData,5,0.0,94.659,0.647,0.0,19.0,0.0,2.479,0.0
338,2684443,Crustaceans Shrimp Farm,USDA FoodData,5,0.48495,71.4265,0.0,0.0,15.56875,0.0,0.8013,0.0
339,2684444,Fish Cod Atlantic,USDA FoodData,5,0.0,65.9855,0.044,0.0,16.06875,0.0,0.6675,0.0
340,2684445,Fish Catfish Farm,USDA FoodData,5,0.0,129.1124,1.602,0.0,16.46875,0.0,7.308,0.0
341,2684446,Crustaceans Crab Blue,USDA FoodData,5,0.0,80.9935,0.0,0.0,18.65,0.0,0.8075,0.0
342,2685568,Squash Summer Green,USDA FoodData,8,3.27,19.0,0.0,0.7525,0.984375,0.0,0.205,0.0
343,2685569,Squash Summer Yellow,USDA FoodData,8,4.39,22.0,0.0,0.9563,0.890625,0.0,0.135,0.0
344,2685570,Squash Winter Butternut,USDA FoodData,8,10.50745,48.1323,0.0,1.959,1.14875,0.0,0.1675,0.0
345,2685571,Squash Winter Acorn,USDA FoodData,8,10.48,48.5625,0.0,2.635,1.25,0.0,0.1825,0.0
346,2685572,Cabbage Bok Choy,USDA FoodData,8,3.51495,20.259,0.0,1.259,1.02375,0.0,0.2338,0.0
347,2685573,Cauliflower Raw,USDA FoodData,8,4.723075,27.5923,0.0,1.948,1.640625,0.0,0.2375,0.0
348,2685574,Collards Raw,USDA FoodData,8,7.02225,46.894,0.0,3.816,2.96875,0.0,0.77,0.0
349,2685575,Brussels Sprouts Raw,USDA FoodData,8,9.615625,59.485,0.0,4.785,3.984375,0.0,0.565,0.0
350,2685576,Beets Raw,USDA FoodData,8,8.787,44.6205,0.0,3.119,1.6875,0.0,0.3025,0.0
351,2685577,Eggplant Raw,USDA FoodData,8,5.399325,26.0848,0.0,2.448,0.851875,0.0,0.12,0.0
352,2685578,Tomatoes Whole Canned,USDA FoodData,8,4.2874,22.4763,0.0,0.8725,0.8675,0.0,0.2063,0.0
353,2685579,Tomato Sauce Canned,USDA FoodData,8,6.331625,34.1765,0.0,1.636,1.351875,0.0,0.3825,0.0
354,2685580,Tomato Paste Canned,USDA FoodData,8,20.188125,104.2825,0.0,4.704,4.234375,0.0,0.7325,0.0
355,2685581,Tomatoes Crushed Canned,USDA FoodData,8,7.137,37.8755,0.0,1.944,1.4375,0.0,0.3975,0.0
356,2685582,Tomato Puree Canned,USDA FoodData,8,8.036875,40.845,0.0,1.971,1.578125,0.0,0.265,0.0
357,2710815,Apricot Skin Raw,USDA FoodData,19,10.23875,48.445,0.0,1.51,0.96125,0.0,0.405,0.0
358,2710816,Melons Honeydew Raw,USDA FoodData,19,8.14995,36.6715,0.0,0.0,0.53125,0.0,0.2163,0.0
359,2710817,Plantains Ripe Raw,USDA FoodData,19,30.95215,136.4733,0.0,2.125,1.15625,0.0,0.8933,0.0
360,2710818,Plantains Underripe Raw,USDA FoodData,19,33.587325,145.4318,0.0,2.53,1.229375,0.0,0.685,0.0
361,2710819,Chia Seeds Dry,USDA FoodData,2,38.273,517.154,0.0,0.0,17.013,0.0,32.89,0.0
362,2710820,Bulgur Dry Raw,USDA FoodData,2,75.88175,372.341,0.0,11.72,11.75625,0.0,2.421,0.0
363,2710821,Wild Rice Dry,USDA FoodData,2,75.6695,369.164,0.0,4.26,12.7875,0.0,1.704,0.0
364,2710822,Arugula Baby Raw,USDA FoodData,8,5.36825,30.993,0.0,2.28,1.64875,0.0,0.325,0.0
365,2710823,Asparagus Green Raw,USDA FoodData,8,5.1012,28.1015,0.0,1.883,1.4375,0.0,0.2163,0.0
366,2710824,Avocado Hass Peeled,USDA FoodData,19,8.3235,223.334,0.0,0.0,1.8125,0.0,20.31,0.0
367,2710825,Rice Black Unenriched,USDA FoodData,2,77.18825,369.97,0.0,4.179,7.56875,0.0,3.438,0.0
368,2710826,Corn Sweet Yellow,USDA FoodData,8,14.689625,84.55,0.0,2.428,2.789375,0.0,1.626,0.0
369,2710827,Einkorn Grain Dry,USDA FoodData,2,68.65381,369.383,0.0,8.913,15.11719,0.0,3.811,0.0
370,2710828,Farro Pearled Dry,USDA FoodData,2,72.13156,367.011,0.0,7.31,12.63944,0.0,3.103,0.0
371,2710829,Fonio Grain Dry,USDA FoodData,2,81.30525,369.133,0.0,2.197,7.16875,0.0,1.693,0.0
372,2710830,Khorasan Grain Dry,USDA FoodData,2,71.79427,371.4,0.0,10.52,14.75573,0.0,2.8,0.0
373,2710831,Kiwifruit Green Peeled,USDA FoodData,19,13.818075,65.0648,0.0,2.129,1.008125,0.0,0.64,0.0
374,2710832,Mandarin Seedless Peeled,USDA FoodData,19,13.421825,61.9623,0.0,1.328,1.039375,0.0,0.4575,0.0
375,2710833,Mango Tommy Atkins,USDA FoodData,19,15.265,68.4625,0.0,1.753,0.5625,0.0,0.5725,0.0
376,2710834,Mango Ataulfo Peeled,USDA FoodData,19,17.3962,78.4665,0.0,1.289,0.6875,0.0,0.6813,0.0
377,2710835,Corn Flour Masa,USDA FoodData,2,76.6895,376.068,0.0,7.038,7.5625,0.0,4.34,0.0
378,2710836,Pear Anjou Green,USDA FoodData,19,14.7674,63.6613,0.0,2.636,0.3125,0.0,0.3713,0.0
379,2710837,Plum Black Skin,USDA FoodData,19,13.455575,58.6773,0.0,1.346,0.578125,0.0,0.2825,0.0
380,2710838,Rice Red Unenriched,USDA FoodData,2,76.1545,369.828,0.0,4.198,8.5625,0.0,3.44,0.0
381,2710839,Sorghum Bran White,USDA FoodData,2,68.69525,402.787,0.0,34.95,11.16875,0.0,9.259,0.0
382,2710840,Sorghum Flour White,USDA FoodData,2,73.5065,364.018,0.0,3.299,10.2125,0.0,3.238,0.0
383,2710841,Sorghum Grain White,USDA FoodData,2,74.872,369.873,0.0,3.916,10.25,0.0,3.265,0.0
384,2710842,Sorghum Whole Grain,USDA FoodData,2,73.57375,372.591,0.0,8.274,10.08125,0.0,4.219,0.0
385,2710843,Plantains Overripe Raw,USDA FoodData,19,29.191425,130.3432,0.0,1.792,1.166875,0.0,0.99,0.0
386,2727566,Chicken Drumstick Meat,USDA FoodData,4,-0.47505,124.9848,0.0,0.0,18.35625,0.0,5.94,0.0
387,2727567,Chicken Thigh Meat,USDA FoodData,4,-0.17255,187.8848,0.0,0.0,17.10625,0.0,13.35,0.0
388,2727568,Chicken Wing Meat,USDA FoodData,4,-0.45875,167.55,0.0,0.0,18.40625,0.0,10.64,0.0
389,2727569,Chicken Breast Meat,USDA FoodData,4,-0.42825,126.905,0.0,0.0,21.40625,0.0,4.777,0.0
390,2727570,Lamb Ground Raw,USDA FoodData,4,-0.2508,236.6068,0.0,0.0,17.4625,0.0,18.64,0.0
391,2727571,Bison Ground Raw,USDA FoodData,4,-0.14955,158.8468,0.0,0.0,19.88125,0.0,8.88,0.0
392,2727572,Beef Short Loin,USDA FoodData,4,0.2212,190.0448,0.0,0.0,21.325,0.0,11.54,0.0
393,2727573,Beef tenderloin Steak,USDA FoodData,4,0.18025,143.2,0.0,0.0,21.09375,0.0,6.456,0.0
394,2727574,Beef Top Sirloin,USDA FoodData,4,0.218,140.144,0.0,0.0,21.975,0.0,5.708,0.0
395,2727575,Pork Chop Center,USDA FoodData,4,-0.5625,138.275,0.0,0.0,22.8125,0.0,5.475,0.0
396,2727576,Pork Belly Skin,USDA FoodData,4,-0.705,380.45,0.0,0.0,15.2,0.0,35.83,0.0
397,2727577,Pawpaw Peeled Seeded,USDA FoodData,19,0.0,0.0,0.0,0.0,1.151875,0.0,0.0,0.0
398,2727578,Squash Pie Pumpkin,USDA FoodData,8,0.0,0.0,0.0,0.0,0.854375,0.0,0.0,0.0
399,2727579,Squash Spaghetti Peeled,USDA FoodData,8,0.0,0.0,0.0,0.0,0.791875,0.0,0.0,0.0
400,2727580,Rutabaga Peeled Raw,USDA FoodData,8,0.0,0.0,0.0,0.0,0.8875,0.0,0.0,0.0
401,2727581,Blackberries Raw,USDA FoodData,19,0.0,0.0,0.0,0.0,1.52625,0.0,0.0,0.0
402,2727582,Tomatillos Dehusked Raw,USDA FoodData,8,0.0,0.0,0.0,0.0,1.064375,0.0,0.0,0.0
403,2727583,Cabbage Napa Leaf,USDA FoodData,8,0.0,0.0,0.0,0.0,1.06375,0.0,0.0,0.0
404,2727584,Leeks Bulb Greens,USDA FoodData,8,0.0,0.0,0.0,0.0,1.4675,0.0,0.0,0.0
405,2727585,Green Onion Bulb,USDA FoodData,8,0.0,0.0,0.0,0.0,0.66875,0.0,0.0,0.0
406,2727586,Shallots Bulb Peeled,USDA FoodData,8,0.0,0.0,0.0,0.0,1.3775,0.0,0.0,0.0
407,2727587,Juice Prune Shelf-stable,USDA FoodData,19,0.0,0.0,0.0,0.0,0.422625,0.0,0.0,0.0
408,2727588,Juice Pomegranate From,USDA FoodData,19,0.0,0.0,0.0,0.0,0.0,0.0,0.0,0.0
409,2727589,Juice Tart Cherry,USDA FoodData,19,0.0,0.0,0.0,0.0,0.1465625,0.0,0.0,0.0
